region_id,time,objective,Y_mean,Y_min,Y_max
Chihuahua Desert,-3970,shape,0.18394376499875667,0.10741212663296999,0.28179243639649004
Chihuahua Desert,-3940,shape,0.18856833396762485,0.1115177445117903,0.2857800328282583
Chihuahua Desert,-3910,shape,0.19365378540917547,0.11587042027626404,0.29076578575728695
Chihuahua Desert,-3880,shape,0.19917252272014682,0.12048830257317546,0.29639395466041757
Chihuahua Desert,-3850,shape,0.20490796977925918,0.12531488402574745,0.30230460116993685
Chihuahua Desert,-3820,shape,0.21083635745240323,0.13032749720677536,0.3083700262133822
Chihuahua Desert,-3790,shape,0.2169003079344408,0.13552486127440108,0.31454526792085724
Chihuahua Desert,-3760,shape,0.22312115600511964,0.14089946481630258,0.32082819653540734
Chihuahua Desert,-3730,shape,0.22948066461720076,0.14646737788849293,0.32717863500792393
Chihuahua Desert,-3700,shape,0.2359804271484048,0.15222198843371235,0.33363181852120855
Chihuahua Desert,-3670,shape,0.24263562053671492,0.15816912507303,0.340172380034346
Chihuahua Desert,-3640,shape,0.24943337322571046,0.1643233729757124,0.3467759198007426
Chihuahua Desert,-3610,shape,0.2563641020738642,0.170682423831472,0.3534813612431032
Chihuahua Desert,-3580,shape,0.26345615881241,0.17722524256665095,0.36029492548428205
Chihuahua Desert,-3550,shape,0.2707200616106043,0.18398280534451605,0.36716325058121624
Chihuahua Desert,-3520,shape,0.27811033459719825,0.19099435540932777,0.37399691265999035
Chihuahua Desert,-3490,shape,0.28555509985298677,0.19824811288128208,0.38099670397557966
Chihuahua Desert,-3460,shape,0.29318967599133655,0.20566635274431047,0.3882682162807629
Chihuahua Desert,-3430,shape,0.3011554861460065,0.21322914700920015,0.39569222082658173
Chihuahua Desert,-3400,shape,0.3093677983116809,0.22113215602214384,0.40291176443529836
Chihuahua Desert,-3370,shape,0.317485892565608,0.22938531695980896,0.41003167802422297
Chihuahua Desert,-3340,shape,0.3255664423609195,0.23769804915263554,0.4175850715080317
Chihuahua Desert,-3310,shape,0.3340768748848466,0.24604537338792828,0.4253171091055977
Chihuahua Desert,-3280,shape,0.3427977281247289,0.2549364169087895,0.4326630908905393
Chihuahua Desert,-3250,shape,0.35138029321092873,0.2643447682545204,0.4402833602376461
Chihuahua Desert,-3220,shape,0.3602302068029133,0.27355755175330654,0.44827389732458506
Chihuahua Desert,-3190,shape,0.3693769040351895,0.28287117968898345,0.4559715717033965
Chihuahua Desert,-3160,shape,0.3784610068558137,0.2927866088405417,0.46360281046625124
Chihuahua Desert,-3130,shape,0.3876406649456956,0.3028220940592393,0.47175569066952505
Chihuahua Desert,-3100,shape,0.39721410253037437,0.31291593944425944,0.48008227297364836
Chihuahua Desert,-3070,shape,0.40689005295830294,0.32345694776283085,0.4877507108387955
Chihuahua Desert,-3040,shape,0.4163077585660997,0.3342092156897636,0.4974149787439549
Chihuahua Desert,-3010,shape,0.42607568004220087,0.34500092843619223,0.5074956764018036
Chihuahua Desert,-2980,shape,0.43641151475937806,0.35618656950329125,0.5171994907819266
Chihuahua Desert,-2950,shape,0.44656086881813817,0.3677371651398129,0.5273060459448743
Chihuahua Desert,-2920,shape,0.4563425054870374,0.37920379464534276,0.5375861343634555
Chihuahua Desert,-2890,shape,0.4667031798827266,0.39079491065114447,0.5474167967271915
Chihuahua Desert,-2860,shape,0.4774348231664752,0.40298969126637946,0.5574205937350853
Chihuahua Desert,-2830,shape,0.48772000697564916,0.41557863911546,0.5677686202955973
Chihuahua Desert,-2800,shape,0.4981537711522273,0.4277608819496479,0.5778744648284571
Chihuahua Desert,-2770,shape,0.5090510959807387,0.4401306911207464,0.5875956125955699
Chihuahua Desert,-2740,shape,0.519822206611115,0.4531428492806673,0.5977071757249587
Chihuahua Desert,-2710,shape,0.5304591228141332,0.4661417588738834,0.6082029874822674
Chihuahua Desert,-2680,shape,0.5414944186539669,0.4789654274529567,0.6181422294503411
Chihuahua Desert,-2650,shape,0.5526381300188359,0.4922663988404696,0.6275701883225374
Chihuahua Desert,-2620,shape,0.5634212918865912,0.5058384663140689,0.6376380158995137
Chihuahua Desert,-2590,shape,0.5744570302559758,0.519086562081135,0.6482150183164425
Chihuahua Desert,-2560,shape,0.5859601315703661,0.5325897050709051,0.6578445873137159
Chihuahua Desert,-2530,shape,0.5972216564784962,0.5465512073963921,0.6670619017373272
Chihuahua Desert,-2500,shape,0.6080668248493408,0.5604018089927563,0.6770386463023493
Chihuahua Desert,-2470,shape,0.6193851024352895,0.573871130040184,0.6871951236972644
Chihuahua Desert,-2440,shape,0.6310673548388752,0.5877951582923099,0.6962717097733803
Chihuahua Desert,-2410,shape,0.6422048266751862,0.6022445067634514,0.7055534745072353
Chihuahua Desert,-2380,shape,0.6531691781401087,0.6162470814559509,0.715297970204891
Chihuahua Desert,-2350,shape,0.6646984140102288,0.6296948864576757,0.7245236611559523
Chihuahua Desert,-2320,shape,0.6763259189967119,0.6438011992550144,0.7333932580106549
Chihuahua Desert,-2290,shape,0.6873006197757447,0.657748689348301,0.7426037065978597
Chihuahua Desert,-2260,shape,0.6983916462908193,0.6708564188153189,0.7518613223095227
Chihuahua Desert,-2230,shape,0.709964244935399,0.68445324065936,0.7604033325731996
Chihuahua Desert,-2200,shape,0.7212043648202883,0.6984393266097284,0.7689446143954014
Chihuahua Desert,-2170,shape,0.7319876811457693,0.7116799231425758,0.7778867202615343
Chihuahua Desert,-2140,shape,0.743219973240975,0.7247587958523884,0.7867121958633817
Chihuahua Desert,-2110,shape,0.754643748196947,0.7383721835764936,0.7945845518275008
Chihuahua Desert,-2080,shape,0.7653273645924294,0.7502017451219909,0.8025424776289166
Chihuahua Desert,-2050,shape,0.7759752153241604,0.7611227346205438,0.8111607688416829
Chihuahua Desert,-2020,shape,0.7871712759615628,0.772509353231359,0.8197250143624188
Chihuahua Desert,-1990,shape,0.7981962287845624,0.7824440941355645,0.8269436964413212
Chihuahua Desert,-1960,shape,0.8084297352427692,0.7925012365607936,0.8342276859020475
Chihuahua Desert,-1930,shape,0.8189019580458924,0.8035339224645819,0.8423750260082657
Chihuahua Desert,-1900,shape,0.8298252904496145,0.8141088751253313,0.8504141976388645
Chihuahua Desert,-1870,shape,0.8402458787699459,0.8239144430805008,0.8570382915839481
Chihuahua Desert,-1840,shape,0.8500790796561944,0.8343478669598319,0.8639446284375795
Chihuahua Desert,-1810,shape,0.8602646374257893,0.8450178739783114,0.8714814206859162
Chihuahua Desert,-1780,shape,0.8707266399684276,0.854803922371466,0.8816423385145534
Chihuahua Desert,-1750,shape,0.8806263134761119,0.8647828773521146,0.8936116926273451
Chihuahua Desert,-1720,shape,0.8900227675731038,0.8752612318651162,0.9053976429623819
Chihuahua Desert,-1690,shape,0.8997787893317207,0.884374530304097,0.9162616830373891
Chihuahua Desert,-1660,shape,0.9096702148059403,0.8917807275587407,0.9265648906405636
Chihuahua Desert,-1630,shape,0.918908328912683,0.9000254711361981,0.937570976359157
Chihuahua Desert,-1600,shape,0.9279005600041005,0.9085591751710078,0.9488397395262658
Chihuahua Desert,-1570,shape,0.9372544461071916,0.9159518847808962,0.9586963282800336
Chihuahua Desert,-1540,shape,0.9463925209693435,0.923603264683377,0.9682144519161597
Chihuahua Desert,-1510,shape,0.9548633361301052,0.9318225434725297,0.9782684054539186
Chihuahua Desert,-1480,shape,0.9634683718136311,0.9389754020145119,0.9882068405965658
Chihuahua Desert,-1450,shape,0.9723917846451382,0.9449174989211274,0.9970049122973998
Chihuahua Desert,-1420,shape,0.9807667906171998,0.9497139510339111,1.0058091399243911
Chihuahua Desert,-1390,shape,0.9885830018053025,0.9541362898631369,1.014918123453641
Chihuahua Desert,-1360,shape,0.9966896882958767,0.959373456787573,1.0236109389386634
Chihuahua Desert,-1330,shape,1.0050071758356192,0.9650674391680443,1.0314317912736517
Chihuahua Desert,-1300,shape,1.0126755842275499,0.969490041308952,1.0395488906616444
Chihuahua Desert,-1270,shape,1.0199250039214878,0.9733107039744396,1.0482766186760883
Chihuahua Desert,-1240,shape,1.027437661072044,0.977955198936535,1.0557468218180541
Chihuahua Desert,-1210,shape,1.0350608517028355,0.9830196516537277,1.0631014029819585
Chihuahua Desert,-1180,shape,1.0421602446420943,0.9868459669496662,1.0711277994400399
Chihuahua Desert,-1150,shape,1.0488346900502377,0.9904611781099514,1.0790518700788876
Chihuahua Desert,-1120,shape,1.0556666388018012,0.9946937544259119,1.0855960529697235
Chihuahua Desert,-1090,shape,1.062647771146902,0.9989194228859065,1.0920920117779498
Chihuahua Desert,-1060,shape,1.0691998559342633,1.002210311149905,1.099237061388983
Chihuahua Desert,-1030,shape,1.0753250543347348,1.0056444813262817,1.1063235189852294
Chihuahua Desert,-1000,shape,1.0815709970913456,1.0095114565574492,1.1120641089861623
Chihuahua Desert,-970,shape,1.087842765916708,1.013126093644174,1.1177603345703966
Chihuahua Desert,-940,shape,1.093669172701147,1.0159589137135177,1.124067861634663
Chihuahua Desert,-910,shape,1.0993385739207546,1.0190224285364597,1.1303124364967352
Chihuahua Desert,-880,shape,1.1051556069511772,1.0225936448701158,1.1353066521500872
Chihuahua Desert,-850,shape,1.1107290461909132,1.0259855977977888,1.1402718347033407
Chihuahua Desert,-820,shape,1.1158524437137147,1.0282994864370067,1.1458165317090312
Chihuahua Desert,-790,shape,1.121043333298474,1.0307554620620802,1.151328910339636
Chihuahua Desert,-760,shape,1.1264004139558759,1.0340246616627868,1.155642720138557
Chihuahua Desert,-730,shape,1.1314066458368672,1.0374612966885686,1.159874483301195
Chihuahua Desert,-700,shape,1.1359860273103852,1.0395260305152494,1.1647151886976
Chihuahua Desert,-670,shape,1.140639753123592,1.0413459750529936,1.1696559000829223
Chihuahua Desert,-640,shape,1.145421652974641,1.0441350086227976,1.1734066523094635
Chihuahua Desert,-610,shape,1.1499528909156072,1.0473696574379179,1.1768899116391012
Chihuahua Desert,-580,shape,1.1541063049687985,1.0492559540751025,1.1829594204407978
Chihuahua Desert,-550,shape,1.1581996541261097,1.0508553860663354,1.1882299391529436
Chihuahua Desert,-520,shape,1.1624198515394055,1.0532600663935323,1.1935531030180517
Chihuahua Desert,-490,shape,1.1665848118801774,1.0558982835922301,1.199527964839024
Chihuahua Desert,-460,shape,1.1703683775781764,1.0574518436770215,1.205284752497056
Chihuahua Desert,-430,shape,1.1739733648740962,1.059061780961659,1.209891392802026
Chihuahua Desert,-400,shape,1.177673983656203,1.0612370347528621,1.2148437455890775
Chihuahua Desert,-370,shape,1.181362124656285,1.0633493303673298,1.2206060328196546
Chihuahua Desert,-340,shape,1.184778010489132,1.0646828757160707,1.2260582322483056
Chihuahua Desert,-310,shape,1.1881488583385673,1.0662084213876477,1.2304002441305533
Chihuahua Desert,-280,shape,1.1915614267478187,1.0681634821396808,1.2350504760938774
Chihuahua Desert,-250,shape,1.1946609157284669,1.0699472656264162,1.2397747397411756
Continental US,-3970,shape,0.23190719894878786,0.21113974818926,0.25241690681291
Continental US,-3940,shape,0.23538326985627123,0.2144502769272816,0.25563057530846983
Continental US,-3910,shape,0.23901617242653747,0.21812879215851858,0.2591505622533923
Continental US,-3880,shape,0.2429617908982818,0.22215672580762558,0.26301039072820115
Continental US,-3850,shape,0.24702590571522373,0.22631774146865474,0.26699697093171415
Continental US,-3820,shape,0.25118359933747303,0.23059261289321398,0.2710740799621267
Continental US,-3790,shape,0.2553887446365233,0.2349233132479571,0.2751959869716277
Continental US,-3760,shape,0.2596624724913259,0.23933401892185555,0.27938208282514065
Continental US,-3730,shape,0.26397887956006594,0.24380019876697714,0.2836022464685849
Continental US,-3700,shape,0.26835231528607834,0.24832928010148006,0.2878756418472976
Continental US,-3670,shape,0.2727884887755892,0.2529323450087235,0.29220482546871296
Continental US,-3640,shape,0.2772682554728784,0.2575915138045987,0.29656794383120644
Continental US,-3610,shape,0.2818004907282237,0.2623053664125771,0.300980915145781
Continental US,-3580,shape,0.2864074847673298,0.26710304442339966,0.3054627187566674
Continental US,-3550,shape,0.291076806993643,0.271981314817486,0.3099960901926061
Continental US,-3520,shape,0.29573560873774196,0.2768811852878296,0.31449615490185745
Continental US,-3490,shape,0.30037918327930574,0.281712121240565,0.31942733414209834
Continental US,-3460,shape,0.3052170993379602,0.2867202258667735,0.3244228223390242
Continental US,-3430,shape,0.3102898560415443,0.2920235984058202,0.3293028638147159
Continental US,-3400,shape,0.3154232629192416,0.29749399580355823,0.33418510756971875
Continental US,-3370,shape,0.3202845666870634,0.3027323474758313,0.33936550103316826
Continental US,-3340,shape,0.3251662542625997,0.30777794377461065,0.34467407844849207
Continental US,-3310,shape,0.3304233844232708,0.31322914871053825,0.3495958110963897
Continental US,-3280,shape,0.33561056911947196,0.3187974640308745,0.35462877499427853
Continental US,-3250,shape,0.34068009554131945,0.3241468372177696,0.36021174536784584
Continental US,-3220,shape,0.3460427979605803,0.32974845402552355,0.3657952167835541
Continental US,-3190,shape,0.35144114763990836,0.3354780262752405,0.37078329690154793
Continental US,-3160,shape,0.3566342216109673,0.3410318067228096,0.3761759970809227
Continental US,-3130,shape,0.3621028626132739,0.34678355541050193,0.3819142420479358
Continental US,-3100,shape,0.3678406323746009,0.3514087720165743,0.38720245805514547
Continental US,-3070,shape,0.3732739510218607,0.35577219257212006,0.39267139916100324
Continental US,-3040,shape,0.3785702885745601,0.35993119213087704,0.3984658187294299
Continental US,-3010,shape,0.38444577619357584,0.3645770704290447,0.40467513548447054
Continental US,-2980,shape,0.3906217526203855,0.3694065567263495,0.41127936094854695
Continental US,-2950,shape,0.3961279036888003,0.3736416054921924,0.4170621200263836
Continental US,-2920,shape,0.4017510508524256,0.37819501282991075,0.4230231018939975
Continental US,-2890,shape,0.4079144713822441,0.3833248700069022,0.4297559305638267
Continental US,-2860,shape,0.41377910152461694,0.38800006638085527,0.43623384257775494
Continental US,-2830,shape,0.4195835896562297,0.392480092581719,0.44207046300093883
Continental US,-2800,shape,0.4257735305656374,0.39762553505983456,0.4484696030569526
Continental US,-2770,shape,0.43185674050252565,0.4027439126024965,0.4551147508110309
Continental US,-2740,shape,0.4377937023239818,0.40736904632434395,0.46116863524895796
Continental US,-2710,shape,0.4440904784502556,0.4125121447125462,0.46748308911421477
Continental US,-2680,shape,0.4505204014916391,0.4178892008664575,0.4740881397526595
Continental US,-2650,shape,0.4565112926034039,0.4227477849916402,0.4803153728364387
Continental US,-2620,shape,0.46269117506757396,0.42796093014791503,0.486565266221998
Continental US,-2590,shape,0.4694415828218916,0.4335590880219629,0.4931644126910939
Continental US,-2560,shape,0.47609997827088096,0.43869633534069086,0.49967766655552553
Continental US,-2530,shape,0.4821526699752478,0.4439390447186344,0.5057232266045998
Continental US,-2500,shape,0.48868428950684417,0.4497435176468784,0.5120954303391181
Continental US,-2470,shape,0.4955879496532003,0.4553546897617075,0.5189316667493848
Continental US,-2440,shape,0.5019150105301083,0.4605483339458106,0.5253800668608323
Continental US,-2410,shape,0.5084227061888564,0.4663877212359941,0.5311834346032847
Continental US,-2380,shape,0.5153902040571235,0.4726025946235833,0.5376268794858077
Continental US,-2350,shape,0.5220376558639531,0.47799727400745523,0.5446972816183664
Continental US,-2320,shape,0.528525244575312,0.48368299260047287,0.5509947124685587
Continental US,-2290,shape,0.5355112375372001,0.4901492501106707,0.5580142559543865
Continental US,-2260,shape,0.5425916928274029,0.4961131570676229,0.5644912967731266
Continental US,-2230,shape,0.5490576437026873,0.5018002673971524,0.5712602912295031
Continental US,-2200,shape,0.5558452172320486,0.5082625955565129,0.5784574974222899
Continental US,-2170,shape,0.5632425084762791,0.5146826258467274,0.5852281091453826
Continental US,-2140,shape,0.570289677444734,0.5205775472251123,0.5916383121488339
Continental US,-2110,shape,0.5767194261724312,0.5270820989265627,0.5986851498200977
Continental US,-2080,shape,0.5838688065186873,0.5338459063816935,0.6061104920781428
Continental US,-2050,shape,0.5915325457016878,0.5399847432396462,0.6125898925861963
Continental US,-2020,shape,0.5982792581383422,0.5465573990264077,0.6189998379518561
Continental US,-1990,shape,0.6050514888717405,0.553654983594158,0.6263407867802033
Continental US,-1960,shape,0.6126121505214084,0.5601685343086361,0.6336873587356122
Continental US,-1930,shape,0.6198190892051241,0.5666943524734571,0.6398775994257168
Continental US,-1900,shape,0.6265726210441004,0.574021975841859,0.6466305599320531
Continental US,-1870,shape,0.6339538093448395,0.58125328602427,0.654042546116447
Continental US,-1840,shape,0.6414118225573012,0.5877196665634727,0.6606181400000686
Continental US,-1810,shape,0.6482445591194763,0.5949766009141646,0.6671084725284023
Continental US,-1780,shape,0.6554716317006194,0.6028755280976819,0.6742178817848771
Continental US,-1750,shape,0.6631014460453325,0.6097469976826804,0.6810797926025028
Continental US,-1720,shape,0.670153461142837,0.616842639261276,0.6874543781134377
Continental US,-1690,shape,0.6771133442653103,0.624909837697235,0.6942982862436254
Continental US,-1660,shape,0.6847221391890862,0.6324360657380289,0.7013941067206433
Continental US,-1630,shape,0.6923684819355936,0.6396313099850345,0.7077433971396988
Continental US,-1600,shape,0.6991228352021913,0.647713954143672,0.7141479140402418
Continental US,-1570,shape,0.706241455279729,0.6557458336244396,0.7212113567084271
Continental US,-1540,shape,0.7141801784847115,0.6631785476688805,0.7281849593276458
Continental US,-1510,shape,0.721671884788176,0.6713402509507315,0.7341169791586779
Continental US,-1480,shape,0.7283046728170086,0.6798575862382601,0.7405112463196476
Continental US,-1450,shape,0.7357437419617575,0.6875511587360583,0.7477807185236374
Continental US,-1420,shape,0.7437081662560011,0.6957310765639858,0.754458241576483
Continental US,-1390,shape,0.7506029860244169,0.7046909655052691,0.7602338380488489
Continental US,-1360,shape,0.7576227112682302,0.7129708068148293,0.7668854783409126
Continental US,-1330,shape,0.7653817433713,0.7209957721432001,0.7741749788019842
Continental US,-1300,shape,0.7726186408442534,0.7301253798375881,0.7806409508007737
Continental US,-1270,shape,0.7794877989937694,0.7394032174401255,0.7876676891802562
Continental US,-1240,shape,0.7869923943567965,0.7474609287267927,0.794839116527098
Continental US,-1210,shape,0.7945201519646903,0.7563941585483315,0.8025794028103083
Continental US,-1180,shape,0.8013086399437682,0.7642860542148637,0.8098718199035067
Continental US,-1150,shape,0.8084733100893109,0.7697587287170119,0.8167436964849452
Continental US,-1120,shape,0.8161610614148999,0.7742072701651709,0.8241871007843377
Continental US,-1090,shape,0.8232362594584941,0.7779066771420293,0.8318981966038924
Continental US,-1060,shape,0.8298680990562215,0.7825202901685765,0.8386385463933741
Continental US,-1030,shape,0.837267943011014,0.7875313274986417,0.8453563013901707
Continental US,-1000,shape,0.8450398245908847,0.7912970345624408,0.8529971852881267
Continental US,-970,shape,0.8517082974078072,0.7952163523052385,0.8607221807407575
Continental US,-940,shape,0.8582737354684823,0.7997455148553233,0.8669345044644754
Continental US,-910,shape,0.8658728943875292,0.8038185740610787,0.8735056386086754
Continental US,-880,shape,0.8734089852378957,0.8074357080761628,0.8813077386851106
Continental US,-850,shape,0.8797171540963573,0.8114910968226791,0.8886269427998189
Continental US,-820,shape,0.8865819587144167,0.8157275440293097,0.8945352978103259
Continental US,-790,shape,0.8941458439510431,0.819208282336498,0.901350889901962
Continental US,-760,shape,0.900784374753986,0.8226683439656035,0.9088827262506951
Continental US,-730,shape,0.907262216965201,0.826698238923021,0.9151196816104917
Continental US,-700,shape,0.9144736255994832,0.8307673029658638,0.9247243335671346
Continental US,-670,shape,0.9213979556238785,0.8337753468918288,0.9364548396773078
Continental US,-640,shape,0.927666286193443,0.8368585572461688,0.9465174435834862
Continental US,-610,shape,0.9344704289281388,0.8408512701661301,0.9574328107977403
Continental US,-580,shape,0.9416127143192268,0.8449646762794988,0.9696095683011455
Continental US,-550,shape,0.9479023545277836,0.8475819336833348,0.9805189128653177
Continental US,-520,shape,0.9541292757871964,0.85032365384942,0.9914465832701059
Continental US,-490,shape,0.9611161676628226,0.8541778535170239,1.0037021064240834
Continental US,-460,shape,0.9680345586909901,0.8579397968504234,1.0154146472498637
Continental US,-430,shape,0.9738530607089624,0.8602561684381013,1.026552706903417
Continental US,-400,shape,0.9800192640006412,0.8630973674717245,1.0389085036529608
Continental US,-370,shape,0.9871237342822433,0.8666583781573644,1.0514516358390746
Continental US,-340,shape,0.9937154053063239,0.8694575741301621,1.0627989745935056
Continental US,-310,shape,0.9992406744859301,0.871887330330237,1.0751488915755056
Continental US,-280,shape,1.0055287999011653,0.8748860543892845,1.0885081546262305
Continental US,-250,shape,1.0124838437375887,0.8779664396693948,1.1008039114123882
Continental US,-220,shape,1.0184483088184817,0.8804590195595611,1.1132751267971919
N. Colorado Plat.,-2680,shape,0.17497176231572067,0.06709579898592001,0.31835756356971
N. Colorado Plat.,-2650,shape,0.18829057805713786,0.08540260340150019,0.32687187359537323
N. Colorado Plat.,-2620,shape,0.20154644270700964,0.09721144437000322,0.33927176447427626
N. Colorado Plat.,-2590,shape,0.2159269653697517,0.10919651493895355,0.3536149922663967
N. Colorado Plat.,-2560,shape,0.2312439051722517,0.12195892249840472,0.36903317757539494
N. Colorado Plat.,-2530,shape,0.24745168849724072,0.13574274329808833,0.38501109637779757
N. Colorado Plat.,-2500,shape,0.26451096958731013,0.15071264528211867,0.40150281245906183
N. Colorado Plat.,-2470,shape,0.2824387259507464,0.16700197220362548,0.4183218000777826
N. Colorado Plat.,-2440,shape,0.3012007563515221,0.18469151618530172,0.435465770440591
N. Colorado Plat.,-2410,shape,0.3208036618923536,0.20387892116419393,0.4529165577762664
N. Colorado Plat.,-2380,shape,0.34123179580928836,0.22463519108405255,0.47474446661439423
N. Colorado Plat.,-2350,shape,0.36243592797353086,0.24698732150765002,0.4976686097673145
N. Colorado Plat.,-2320,shape,0.3843811226098774,0.27058067710075207,0.5208409866102701
N. Colorado Plat.,-2290,shape,0.40703898349468853,0.29297895741595753,0.559229321475961
N. Colorado Plat.,-2260,shape,0.4303462578679543,0.3166134073908327,0.5996272745631259
N. Colorado Plat.,-2230,shape,0.45419496124348313,0.341541359990356,0.6393553391155519
N. Colorado Plat.,-2200,shape,0.47847701871791154,0.36768629739205455,0.6780977420690573
N. Colorado Plat.,-2170,shape,0.5031698704575168,0.39322777805782816,0.7153304332062077
N. Colorado Plat.,-2140,shape,0.5282701653554336,0.4195034716022694,0.7502719660997254
N. Colorado Plat.,-2110,shape,0.5536558600491783,0.4466361034088039,0.7824405108930621
N. Colorado Plat.,-2080,shape,0.5790539655863262,0.4747499701611872,0.8119241104326609
N. Colorado Plat.,-2050,shape,0.6042339110467335,0.5035767643835946,0.8390389180172447
N. Colorado Plat.,-2020,shape,0.6293148231206682,0.5325067168161978,0.863136164459664
N. Colorado Plat.,-1990,shape,0.6543519982344286,0.561797635189476,0.8838862032923962
N. Colorado Plat.,-1960,shape,0.6789734705841985,0.5916491981516795,0.9014638823667601
N. Colorado Plat.,-1930,shape,0.7029450619832693,0.619626418221745,0.9166966788174461
N. Colorado Plat.,-1900,shape,0.7264638052348087,0.6466672041405818,0.9297709597049697
N. Colorado Plat.,-1870,shape,0.7495031465913956,0.6733435395116277,0.9404757331306438
N. Colorado Plat.,-1840,shape,0.7716980719554895,0.6994487444898089,0.9489855579530505
N. Colorado Plat.,-1810,shape,0.7929712928533469,0.7250671536637364,0.9557599028006357
N. Colorado Plat.,-1780,shape,0.8135009207417392,0.7501190031792019,0.9613874725933635
N. Colorado Plat.,-1750,shape,0.8332944892177563,0.774356023094171,0.9658502669133232
N. Colorado Plat.,-1720,shape,0.852094314826074,0.7975761579978129,0.9692000767587663
N. Colorado Plat.,-1690,shape,0.8697700300253,0.81988054888638,0.9743676102621627
N. Colorado Plat.,-1660,shape,0.8865280596085996,0.8412845746232115,0.9805696205160653
N. Colorado Plat.,-1630,shape,0.902481147863855,0.8617254173487253,0.9853245972630066
N. Colorado Plat.,-1600,shape,0.9175291598617071,0.8810264375916765,0.9890204125568123
N. Colorado Plat.,-1570,shape,0.931498842984637,0.8990443578221737,0.9920968791702859
N. Colorado Plat.,-1540,shape,0.9444361975572851,0.9124353350314742,1.0013657466411032
N. Colorado Plat.,-1510,shape,0.9565702702171803,0.9205538776031625,1.015279338344758
N. Colorado Plat.,-1480,shape,0.9679843879813357,0.927973832662422,1.0279755661674128
N. Colorado Plat.,-1450,shape,0.9785932239602426,0.9346494065362853,1.0394465447840928
N. Colorado Plat.,-1420,shape,0.9883078250278431,0.940685854704764,1.0495390431318234
N. Colorado Plat.,-1390,shape,0.9971859303063705,0.9461761887556572,1.058288665008677
N. Colorado Plat.,-1360,shape,1.005432957211993,0.9511705740005871,1.065954390188569
N. Colorado Plat.,-1330,shape,1.0131280894848467,0.9557038702663688,1.0730393889211445
N. Colorado Plat.,-1300,shape,1.0202088739914377,0.9597946520126743,1.0796366149398078
N. Colorado Plat.,-1270,shape,1.0266340949797408,0.9621396342258371,1.085376484878079
N. Colorado Plat.,-1240,shape,1.0324701138438863,0.9621571049009311,1.0903816908828672
N. Colorado Plat.,-1210,shape,1.037870075884473,0.9622165198312149,1.095886328212766
N. Colorado Plat.,-1180,shape,1.0428738917548612,0.9622879952293365,1.1011217376984337
N. Colorado Plat.,-1150,shape,1.047433745124633,0.9623163712547481,1.1057996896715105
N. Colorado Plat.,-1120,shape,1.0515514148585707,0.9622468272207421,1.1097562760480815
N. Colorado Plat.,-1090,shape,1.0552997064891556,0.9621443075066984,1.1130525027278437
N. Colorado Plat.,-1060,shape,1.0587628277616945,0.9620637881896165,1.115988289691443
N. Colorado Plat.,-1030,shape,1.0619460281213038,0.9620353427101408,1.1190586153474913
N. Colorado Plat.,-1000,shape,1.0648291182538108,0.962068039776383,1.1220391347459746
N. Colorado Plat.,-970,shape,1.067430922090209,0.962149867829228,1.124564014974031
N. Colorado Plat.,-940,shape,1.0698081846925163,0.9622477653377596,1.1265853048776462
N. Colorado Plat.,-910,shape,1.0720070446433816,0.9623076994233716,1.1282982847291618
N. Colorado Plat.,-880,shape,1.0740307109047977,0.9622861337866108,1.130099042070793
N. Colorado Plat.,-850,shape,1.0758613625207172,0.9623020877523646,1.1318476056018298
N. Colorado Plat.,-820,shape,1.0775013905358992,0.962321439928131,1.133330377788854
N. Colorado Plat.,-790,shape,1.0789771678644406,0.9623012456818221,1.1345292538589788
N. Colorado Plat.,-760,shape,1.080336860437355,0.9622279425455635,1.1355536028645368
N. Colorado Plat.,-730,shape,1.0816042068073284,0.9621173502114808,1.1366182193974332
N. Colorado Plat.,-700,shape,1.0827747272537962,0.9620146958046707,1.1376695482447188
N. Colorado Plat.,-670,shape,1.0838354622167072,0.9619946408838185,1.1385628643025067
N. Colorado Plat.,-640,shape,1.0847749450715594,0.9620902178893626,1.1392587844497042
N. Colorado Plat.,-610,shape,1.0856110375212664,0.9621988468840748,1.1398044882385143
N. Colorado Plat.,-580,shape,1.0863791556279165,0.9622631768156683,1.1403348093840884
N. Colorado Plat.,-550,shape,1.0871060526559466,0.9622559872136266,1.141000067225738
N. Colorado Plat.,-520,shape,1.0877914975694631,0.9621796038286711,1.1416544833137585
N. Colorado Plat.,-490,shape,1.0884059947377327,0.9620659167899753,1.1421465576426284
N. Colorado Plat.,-460,shape,1.0889311665172903,0.9619764731507784,1.1424324554874434
N. Colorado Plat.,-430,shape,1.0893906003304656,0.9619874280431041,1.1425755707426855
N. Colorado Plat.,-400,shape,1.0898166288061855,0.9619902225452021,1.1427473559580634
N. Colorado Plat.,-370,shape,1.0902359578690564,0.9619822180695935,1.1431617440886548
N. Colorado Plat.,-340,shape,1.0906347551545017,0.9620006814698613,1.1436193912019936
N. Colorado Plat.,-310,shape,1.0909906163196885,0.9620583931394471,1.1439237583865745
N. Colorado Plat.,-280,shape,1.0912932361602685,0.9621436428142792,1.1440294045532544
N. Colorado Plat.,-250,shape,1.0915573275387178,0.9622202450296811,1.1440263661148866
N. Colorado Plat.,-220,shape,1.0918076439294824,0.9622275567240095,1.1441408082089535
S. Colorado Plat.,-3970,shape,0.14813009418046721,0.0682200603737,0.25360348840984
S. Colorado Plat.,-3940,shape,0.15494867047665262,0.07443734320566436,0.2569632460792085
S. Colorado Plat.,-3910,shape,0.16117044981650266,0.07940234356014851,0.26231765428658993
S. Colorado Plat.,-3880,shape,0.16779842111160395,0.08452231102486762,0.26870006070071656
S. Colorado Plat.,-3850,shape,0.1746897006245711,0.08985492756991754,0.27553248892156074
S. Colorado Plat.,-3820,shape,0.1818273919028517,0.09545354635709405,0.28259251705978383
S. Colorado Plat.,-3790,shape,0.18917337609902074,0.10132769885426247,0.2898093252618103
S. Colorado Plat.,-3760,shape,0.19675006741509057,0.10750369587092225,0.2971564066969607
S. Colorado Plat.,-3730,shape,0.20453760109613175,0.11399945002118647,0.30458389358670207
S. Colorado Plat.,-3700,shape,0.21254745807494374,0.12081839737654465,0.312130224246195
S. Colorado Plat.,-3670,shape,0.2207886209229763,0.1279834354401437,0.3197643560229613
S. Colorado Plat.,-3640,shape,0.2292437513426439,0.13550837291540252,0.3274639133472992
S. Colorado Plat.,-3610,shape,0.23791308346522824,0.14338776359509642,0.3352694916612168
S. Colorado Plat.,-3580,shape,0.2468169198539949,0.15162455183697818,0.34317702548249884
S. Colorado Plat.,-3550,shape,0.2559516839216246,0.16026380281462918,0.3511154699670062
S. Colorado Plat.,-3520,shape,0.26525855377874247,0.16932307980367156,0.35903945955969085
S. Colorado Plat.,-3490,shape,0.2747126312162281,0.17876744141392664,0.36712394733008197
S. Colorado Plat.,-3460,shape,0.28443790479182374,0.18852126297638122,0.37542555151891277
S. Colorado Plat.,-3430,shape,0.29451104402719563,0.19869467332394947,0.3854502603120042
S. Colorado Plat.,-3400,shape,0.30481734917427367,0.20939469558642546,0.39668710130605145
S. Colorado Plat.,-3370,shape,0.3150684385019822,0.22050687148277368,0.4076495695358045
S. Colorado Plat.,-3340,shape,0.3253984541432754,0.23175827738871713,0.41879133154302794
S. Colorado Plat.,-3310,shape,0.33611797792002185,0.24344949555929285,0.43023797040516604
S. Colorado Plat.,-3280,shape,0.347003410126743,0.2558397954288848,0.44149462534635725
S. Colorado Plat.,-3250,shape,0.357854354395429,0.26863943029471005,0.4525081722429553
S. Colorado Plat.,-3220,shape,0.36891068268380867,0.28132647647043196,0.4637295284395886
S. Colorado Plat.,-3190,shape,0.3801700836906043,0.2945165463315928,0.4750621968531109
S. Colorado Plat.,-3160,shape,0.39142323110764654,0.3083014198762844,0.4859897113045668
S. Colorado Plat.,-3130,shape,0.40274004823116866,0.32181052423238526,0.4968053694449373
S. Colorado Plat.,-3100,shape,0.4142769064373016,0.33429492102311376,0.5078377403145675
S. Colorado Plat.,-3070,shape,0.42588207787744964,0.3470858449744083,0.5188761254060371
S. Colorado Plat.,-3040,shape,0.437286398286455,0.360453069251848,0.5293098418815716
S. Colorado Plat.,-3010,shape,0.44876396270389923,0.37382795394841367,0.5395682924050715
S. Colorado Plat.,-2980,shape,0.4605957658974346,0.38711236236115837,0.5501334249981679
S. Colorado Plat.,-2950,shape,0.47244063291444477,0.40081108378392005,0.5607641709020096
S. Colorado Plat.,-2920,shape,0.4837939132211711,0.4147632002012735,0.5705835133295976
S. Colorado Plat.,-2890,shape,0.49518018683036746,0.4284611980322472,0.5800531809087947
S. Colorado Plat.,-2860,shape,0.5068897909007918,0.44231512272665274,0.5898806722263994
S. Colorado Plat.,-2830,shape,0.5184236138020664,0.4564790481489937,0.5998203175613899
S. Colorado Plat.,-2800,shape,0.5295769607958203,0.4705679019320457,0.6088549238063541
S. Colorado Plat.,-2770,shape,0.5407880984805329,0.48433560731264114,0.6175594657082385
S. Colorado Plat.,-2740,shape,0.5520637445854847,0.49828396952767356,0.6265283257665772
S. Colorado Plat.,-2710,shape,0.5630506147273092,0.5124857459238639,0.6354308985848424
S. Colorado Plat.,-2680,shape,0.573808405751431,0.5264063769514292,0.6435234278128591
S. Colorado Plat.,-2650,shape,0.5845866110095443,0.5397803558045391,0.6514675854283662
S. Colorado Plat.,-2620,shape,0.5952431958429646,0.5533169891653783,0.6595310281998032
S. Colorado Plat.,-2590,shape,0.6055014277732454,0.5671459232104552,0.6673487379736067
S. Colorado Plat.,-2560,shape,0.6155996862219268,0.5805777065446596,0.6744990143566401
S. Colorado Plat.,-2530,shape,0.6257582201495515,0.5932017744022158,0.6815505214984084
S. Colorado Plat.,-2500,shape,0.6357506442013804,0.605929586883586,0.6891357458163816
S. Colorado Plat.,-2470,shape,0.6451599467438528,0.618486774427651,0.6975525293314498
S. Colorado Plat.,-2440,shape,0.6543524970107538,0.6288445871782595,0.7061328858408765
S. Colorado Plat.,-2410,shape,0.6636860519336285,0.639314601298215,0.7143336376700474
S. Colorado Plat.,-2380,shape,0.6728927318652745,0.6490717204942933,0.7225526431119556
S. Colorado Plat.,-2350,shape,0.6814308926200209,0.6572897872202444,0.7307010452172796
S. Colorado Plat.,-2320,shape,0.689699189648498,0.6657392570857882,0.7381829436289191
S. Colorado Plat.,-2290,shape,0.6980582391974897,0.6745287450431443,0.7449318880295013
S. Colorado Plat.,-2260,shape,0.706246136373238,0.6826811457731307,0.7516723119158373
S. Colorado Plat.,-2230,shape,0.7139027320578,0.6902019720304727,0.7585789106631092
S. Colorado Plat.,-2200,shape,0.7213188256352431,0.6978779433887208,0.7651929203901132
S. Colorado Plat.,-2170,shape,0.7286780360451137,0.7055962802830179,0.7707974506145279
S. Colorado Plat.,-2140,shape,0.7357929929044932,0.7126646061314281,0.7761462486863582
S. Colorado Plat.,-2110,shape,0.7425378606709686,0.7194408722494094,0.7817137420752448
S. Colorado Plat.,-2080,shape,0.749098180564378,0.7263002522816141,0.7872865849254048
S. Colorado Plat.,-2050,shape,0.7555324798042526,0.7318187519193783,0.7920616690118951
S. Colorado Plat.,-2020,shape,0.7616819363416968,0.7369706010296774,0.796357543309038
S. Colorado Plat.,-1990,shape,0.7674988743639022,0.7424902089883658,0.8007647578996656
S. Colorado Plat.,-1960,shape,0.7731902996637751,0.7479177307180808,0.8052497265587777
S. Colorado Plat.,-1930,shape,0.7788021024107871,0.7525227537623003,0.8092411038781093
S. Colorado Plat.,-1900,shape,0.7841267748113939,0.757172725335872,0.8127013547176964
S. Colorado Plat.,-1870,shape,0.789052965369806,0.7622955701029485,0.8181779526260979
S. Colorado Plat.,-1840,shape,0.793866682209731,0.7673629005297546,0.8231489920954413
S. Colorado Plat.,-1810,shape,0.7987128590328719,0.7714233348815931,0.8282885135220108
S. Colorado Plat.,-1780,shape,0.8033682467442458,0.7754799446118015,0.8337415391042724
S. Colorado Plat.,-1750,shape,0.8075624830533488,0.7790507517008469,0.8389635622861471
S. Colorado Plat.,-1720,shape,0.8115545660232004,0.7817695810337071,0.8430482648535761
S. Colorado Plat.,-1690,shape,0.815619614109164,0.7838018997045907,0.8468526254272322
S. Colorado Plat.,-1660,shape,0.8196186825751736,0.7856054311580315,0.8511272158978005
S. Colorado Plat.,-1630,shape,0.8232099491772829,0.7877667600521623,0.8556762182313515
S. Colorado Plat.,-1600,shape,0.8265500333848115,0.7902339213386793,0.8594033863863398
S. Colorado Plat.,-1570,shape,0.8299333312968176,0.7923102839401448,0.8624495351057969
S. Colorado Plat.,-1540,shape,0.8332754198384678,0.7935929671918377,0.8657493394186911
S. Colorado Plat.,-1510,shape,0.8362965624323271,0.7950553677752143,0.86930301320356
S. Colorado Plat.,-1480,shape,0.8390889621771963,0.797017110211843,0.8723849798101596
S. Colorado Plat.,-1450,shape,0.8419068873803284,0.7990289524210216,0.8749676644553743
S. Colorado Plat.,-1420,shape,0.8447008702202116,0.8001977637221176,0.8776550471686723
S. Colorado Plat.,-1390,shape,0.8472261736213221,0.8012389708050255,0.8804751945814483
S. Colorado Plat.,-1360,shape,0.8495435331900414,0.8026809695373659,0.883007368541532
S. Colorado Plat.,-1330,shape,0.8518716776883712,0.8043189495700254,0.8850916751735439
S. Colorado Plat.,-1300,shape,0.854220217777271,0.805396303699739,0.8872116823798124
S. Colorado Plat.,-1270,shape,0.8563516035932974,0.8062319450820081,0.8895050172209346
S. Colorado Plat.,-1240,shape,0.8582485152176674,0.8073368194940972,0.8917486354239953
S. Colorado Plat.,-1210,shape,0.860131263414675,0.8086494186545671,0.8934492232402251
S. Colorado Plat.,-1180,shape,0.8620906711455265,0.8096279184823547,0.8948831701508542
S. Colorado Plat.,-1150,shape,0.8639603910644752,0.810250347388357,0.8965798909313448
S. Colorado Plat.,-1120,shape,0.8655596789274097,0.8110622798702728,0.8985955080930446
S. Colorado Plat.,-1090,shape,0.8670348633520945,0.8121552951789673,0.9004979420302609
S. Colorado Plat.,-1060,shape,0.8685811577877834,0.813179248197734,0.9016306104041683
S. Colorado Plat.,-1030,shape,0.8701904150046277,0.8136302397473708,0.9026477002966795
S. Colorado Plat.,-1000,shape,0.8716304028501033,0.8140507040216031,0.904027304389447
S. Colorado Plat.,-970,shape,0.8728351420908922,0.8148611074561138,0.9056174207043656
S. Colorado Plat.,-940,shape,0.874013152502117,0.8159456651633268,0.9067268896262738
S. Colorado Plat.,-910,shape,0.8752931452768669,0.8166569136781382,0.9075025510631178
S. Colorado Plat.,-880,shape,0.8765290262334718,0.8167372893239963,0.908493838733031
S. Colorado Plat.,-850,shape,0.8775685804328375,0.8170634102487074,0.909721671320934
S. Colorado Plat.,-820,shape,0.87853112507681,0.8179303309833449,0.910761304601533
S. Colorado Plat.,-790,shape,0.8795243780899457,0.8189333029458972,0.9113391832749985
S. Colorado Plat.,-760,shape,0.8805161528025682,0.8191589472623715,0.9120027240343813
S. Colorado Plat.,-730,shape,0.8813934261607096,0.8191589470968805,0.9129550547505976
S. Colorado Plat.,-700,shape,0.8822303901634835,0.8196264442562411,0.914002705043291
S. Colorado Plat.,-670,shape,0.8830377611074905,0.8204685369262271,0.9145975952385286
S. Colorado Plat.,-640,shape,0.8838121277418193,0.8208962290974963,0.9148574589414595
S. Colorado Plat.,-610,shape,0.8845107721512007,0.8208698389822238,0.9153945124837334
S. Colorado Plat.,-580,shape,0.8852166530015342,0.82112380114362,0.9163376209617463
S. Colorado Plat.,-550,shape,0.8859247238069645,0.8217223503806561,0.9173117361062437
S. Colorado Plat.,-520,shape,0.8865712789043229,0.8221748775097049,0.9175771524294463
S. Colorado Plat.,-490,shape,0.8871339122201849,0.822160467925006,0.9175769141949429
S. Colorado Plat.,-460,shape,0.8876664169293399,0.8222912605101315,0.9180366181444685
S. Colorado Plat.,-430,shape,0.8882463141355232,0.8227404931019711,0.9189875006847114
S. Colorado Plat.,-400,shape,0.8888236931761211,0.8232431980294994,0.9197814069361134
S. Colorado Plat.,-370,shape,0.8893412603037618,0.8232678557796951,0.9197161506732403
S. Colorado Plat.,-340,shape,0.8897767165828891,0.823198404361625,0.9197416106697304
S. Colorado Plat.,-310,shape,0.8902064278384088,0.8234677745210864,0.9202760055589159
S. Colorado Plat.,-280,shape,0.8907292984596159,0.8240316007437026,0.9210445971570393
S. Colorado Plat.,-250,shape,0.8912512089293994,0.8243799113703704,0.9212699667719875
S. Colorado Plat.,-220,shape,0.8915933428333288,0.8243730770481921,0.9214066255315164
Sonoran Desert,-3970,shape,0.19127501468482142,0.07965207444474999,0.3245288664396
Sonoran Desert,-3940,shape,0.19568846908395274,0.0833008733917656,0.3283510075599013
Sonoran Desert,-3910,shape,0.2004050159020276,0.08684010628793562,0.33279338179964674
Sonoran Desert,-3880,shape,0.20549256083630024,0.09053382742666093,0.3377258117602419
Sonoran Desert,-3850,shape,0.21076284692872815,0.09437893915465034,0.34287996313694824
Sonoran Desert,-3820,shape,0.21619306547366923,0.09837069955789818,0.34813330124637815
Sonoran Desert,-3790,shape,0.2217363072001904,0.10251780496861142,0.3534679839965896
Sonoran Desert,-3760,shape,0.22741050192261408,0.10681810525437614,0.35887247632980007
Sonoran Desert,-3730,shape,0.2331996903308339,0.11128514071902529,0.36432144159045377
Sonoran Desert,-3700,shape,0.23910759013604144,0.11591973008542399,0.36984496948302414
Sonoran Desert,-3670,shape,0.24514595584845977,0.12072525300850424,0.3754241409420546
Sonoran Desert,-3640,shape,0.25130343401757993,0.12571462992797539,0.3810467520556406
Sonoran Desert,-3610,shape,0.2575752977454874,0.13089145184218504,0.3867473718331989
Sonoran Desert,-3580,shape,0.26398436057179586,0.1362440569447764,0.39252400204176735
Sonoran Desert,-3550,shape,0.27053687273100585,0.14178331444815231,0.39831495758027663
Sonoran Desert,-3520,shape,0.2771887558069694,0.14754989851947184,0.4040866843674158
Sonoran Desert,-3490,shape,0.283890304440388,0.1535501526365108,0.4100235125396779
Sonoran Desert,-3460,shape,0.2907684282573413,0.1597421175177325,0.4161725018167138
Sonoran Desert,-3430,shape,0.29794064800490344,0.16606281930000014,0.4223830185515998
Sonoran Desert,-3400,shape,0.3053209619975343,0.17264699184875867,0.4283426413899084
Sonoran Desert,-3370,shape,0.31261374633903033,0.17957438884105553,0.4343423184279069
Sonoran Desert,-3340,shape,0.3198667712008188,0.1866784127919326,0.44077558073600803
Sonoran Desert,-3310,shape,0.32749928372617404,0.1938018402137799,0.44721930600943893
Sonoran Desert,-3280,shape,0.3353055877953796,0.20132695491172004,0.45324954626593317
Sonoran Desert,-3250,shape,0.34301486465446474,0.2093416586946085,0.45966419830757604
Sonoran Desert,-3220,shape,0.35096820727195027,0.21737539873772904,0.46648402553077806
Sonoran Desert,-3190,shape,0.35914950506531507,0.22545612700874018,0.47281677681643114
Sonoran Desert,-3160,shape,0.36728749623261436,0.23406425675838685,0.4790755439850946
Sonoran Desert,-3130,shape,0.37555842629265923,0.24293434248456694,0.48602716575510396
Sonoran Desert,-3100,shape,0.38417119180086323,0.2518236676079317,0.49308109840230296
Sonoran Desert,-3070,shape,0.39281557943754813,0.26114470684604213,0.49929993220143304
Sonoran Desert,-3040,shape,0.4012814744811014,0.2708003041202452,0.5060114416933192
Sonoran Desert,-3010,shape,0.41012996824872194,0.28048726306878147,0.5134360115955275
Sonoran Desert,-2980,shape,0.4194646606082463,0.29054494909380385,0.5201949037902039
Sonoran Desert,-2950,shape,0.42855141315312817,0.3010481200053212,0.5267588735602616
Sonoran Desert,-2920,shape,0.43741578070881354,0.3116157589021771,0.534092243862851
Sonoran Desert,-2890,shape,0.44684745455477476,0.32227353108886314,0.5413400617878149
Sonoran Desert,-2860,shape,0.45649874057843515,0.3335109170686816,0.5480382082450911
Sonoran Desert,-2830,shape,0.4658204263612166,0.3452222672155384,0.5552971387280417
Sonoran Desert,-2800,shape,0.47538263658958607,0.3566703011871842,0.5628292517463469
Sonoran Desert,-2770,shape,0.4852821642643947,0.3682671893979226,0.569730647677851
Sonoran Desert,-2740,shape,0.4950526694762965,0.38070685579072594,0.576949149632816
Sonoran Desert,-2710,shape,0.5048624688774263,0.3935107793510015,0.5846868801484746
Sonoran Desert,-2680,shape,0.5150238316331841,0.40572284422411187,0.591969812802833
Sonoran Desert,-2650,shape,0.5251648743662478,0.41846781092672797,0.5990202404730517
Sonoran Desert,-2620,shape,0.5351200608031623,0.4319546449525989,0.6067789667448401
Sonoran Desert,-2590,shape,0.5454499476069953,0.4451467814452684,0.6164342596629261
Sonoran Desert,-2560,shape,0.5561216211436143,0.4584446266666603,0.625900868324351
Sonoran Desert,-2530,shape,0.5664402893401945,0.47234655973549006,0.6355118869770415
Sonoran Desert,-2500,shape,0.5766557399820296,0.4862872863655137,0.6459488727349149
Sonoran Desert,-2470,shape,0.5874018921406462,0.5001564919854151,0.6561171611492649
Sonoran Desert,-2440,shape,0.5982397688662825,0.5144891115321097,0.6654732889504101
Sonoran Desert,-2410,shape,0.6086347092979788,0.5291062836187871,0.6753888265308916
Sonoran Desert,-2380,shape,0.6192221418285415,0.5434189714735326,0.6856935560649009
Sonoran Desert,-2350,shape,0.6302548960285241,0.5579598715976866,0.6952002576214633
Sonoran Desert,-2320,shape,0.6411144427272897,0.5730482280277754,0.7047585082786044
Sonoran Desert,-2290,shape,0.6516501095491115,0.5881886409223704,0.7148067313746322
Sonoran Desert,-2260,shape,0.6625700574689395,0.6027001729816786,0.7245739531678641
Sonoran Desert,-2230,shape,0.6736682207391332,0.6175871065052194,0.7338077548639259
Sonoran Desert,-2200,shape,0.684341919518195,0.6332633984805771,0.7434369537803576
Sonoran Desert,-2170,shape,0.6950966364545841,0.6488012095892991,0.7533979354967076
Sonoran Desert,-2140,shape,0.7062913954321034,0.6633059714770392,0.7626524249815971
Sonoran Desert,-2110,shape,0.7172380889624669,0.6783595524692427,0.7715648845139954
Sonoran Desert,-2080,shape,0.727751366763544,0.6942415273713547,0.7811202158089701
Sonoran Desert,-2050,shape,0.7386958447749796,0.7094421212682509,0.7909820833688337
Sonoran Desert,-2020,shape,0.7499505763004515,0.7240428025369722,0.7997300712715172
Sonoran Desert,-1990,shape,0.7605988698797806,0.7392688795893498,0.8082411043332387
Sonoran Desert,-1960,shape,0.7711091760830981,0.7546650196101549,0.8176373859921832
Sonoran Desert,-1930,shape,0.7821182707253174,0.76693988128858,0.8272122132047087
Sonoran Desert,-1900,shape,0.7930665276336656,0.7780345936441876,0.8353717832545068
Sonoran Desert,-1870,shape,0.8034467975400627,0.7867671617546781,0.8436971582778965
Sonoran Desert,-1840,shape,0.8139640658402468,0.7952137164802678,0.8528285470205683
Sonoran Desert,-1810,shape,0.8248029279288497,0.8043154716060017,0.8614994167772574
Sonoran Desert,-1780,shape,0.8354128952127654,0.8136040185261315,0.8692933233981326
Sonoran Desert,-1750,shape,0.8456031498470228,0.8219116044696766,0.8775865326287734
Sonoran Desert,-1720,shape,0.8559651601853783,0.8305283319397764,0.8862100939565825
Sonoran Desert,-1690,shape,0.866478301679789,0.8401257505727258,0.8939378624336904
Sonoran Desert,-1660,shape,0.8766755896051666,0.8494210084002475,0.9015308762843929
Sonoran Desert,-1630,shape,0.8866247155182181,0.857366310915611,0.911057946447151
Sonoran Desert,-1600,shape,0.896822538029727,0.866237944149271,0.9240686042735803
Sonoran Desert,-1570,shape,0.906900926924025,0.8762532759463212,0.9361226612263602
Sonoran Desert,-1540,shape,0.9164987459536692,0.8849854581573056,0.948778754784649
Sonoran Desert,-1510,shape,0.9262248007630972,0.8931046141230685,0.9620657173892185
Sonoran Desert,-1480,shape,0.9362259357353111,0.9025091710944299,0.9742719275503956
Sonoran Desert,-1450,shape,0.9457653971718073,0.9119465414108134,0.9853046002683834
Sonoran Desert,-1420,shape,0.9548814246960508,0.9198685814706195,0.9969110808450005
Sonoran Desert,-1390,shape,0.9643005731835215,0.9269536280354143,1.0089670284602432
Sonoran Desert,-1360,shape,0.9738409917041918,0.9346566928525829,1.019811126204078
Sonoran Desert,-1330,shape,0.9828211877529127,0.9432560273655626,1.030110443757745
Sonoran Desert,-1300,shape,0.99158500105919,0.9506086672640571,1.040802069285301
Sonoran Desert,-1270,shape,1.0005513717998258,0.9574082968476589,1.0514194986292096
Sonoran Desert,-1240,shape,1.009478795497838,0.9654246966682186,1.0609910443487123
Sonoran Desert,-1210,shape,1.0180332759360666,0.9736463210773862,1.0704442948324577
Sonoran Desert,-1180,shape,1.0263788289138596,0.9803047954518597,1.0801468247616188
Sonoran Desert,-1150,shape,1.0347714671594315,0.9875437158116732,1.089566014044223
Sonoran Desert,-1120,shape,1.04317412352108,0.9956353773890697,1.0979695369498916
Sonoran Desert,-1090,shape,1.0512709499570556,1.0027418178217478,1.1062917286181693
Sonoran Desert,-1060,shape,1.05914715378287,1.0095147377224525,1.115000978749283
Sonoran Desert,-1030,shape,1.0670270682980372,1.0171482825179892,1.1236249402398433
Sonoran Desert,-1000,shape,1.0747829914590978,1.024751415022604,1.1309920252783103
Sonoran Desert,-970,shape,1.0822855489090555,1.0312195336886245,1.1378815090745544
Sonoran Desert,-940,shape,1.0898017065847105,1.0382230862304271,1.1454377249374907
Sonoran Desert,-910,shape,1.097248327041461,1.045998094712127,1.1534521850474537
Sonoran Desert,-880,shape,1.104297796656268,1.052922086101981,1.1603318127438793
Sonoran Desert,-850,shape,1.1112243719132064,1.0590706499180786,1.165953055395051
Sonoran Desert,-820,shape,1.1183304223177208,1.0662547288008237,1.1721795335060123
Sonoran Desert,-790,shape,1.1252870389305172,1.0737648931951176,1.1791917070347966
Sonoran Desert,-760,shape,1.1317864381819343,1.078347236607314,1.185412458626966
Sonoran Desert,-730,shape,1.1382055733813625,1.0832842180384608,1.1903077846590384
Sonoran Desert,-700,shape,1.1447220145246622,1.0888955951854244,1.1956278282628332
Sonoran Desert,-670,shape,1.151118679527392,1.0941190856070515,1.2014796122649936
Sonoran Desert,-640,shape,1.1572052024561175,1.098019546418407,1.206604170890615
Sonoran Desert,-610,shape,1.1631161976242048,1.1023236903691431,1.2109746122321252
Sonoran Desert,-580,shape,1.1690160281115098,1.1066635612482392,1.215655235890511
Sonoran Desert,-550,shape,1.1749362461791844,1.1106367877399195,1.220606395527526
Sonoran Desert,-520,shape,1.1806394060239127,1.113461057218929,1.2248985899409313
Sonoran Desert,-490,shape,1.1860477977044581,1.1167820561898103,1.2285993074218162
Sonoran Desert,-460,shape,1.1914098683859844,1.120687325357814,1.2325919556122404
Sonoran Desert,-430,shape,1.19680858025319,1.123874783546031,1.2369263855999533
Sonoran Desert,-400,shape,1.2020363351385464,1.1265002830506872,1.2408193057003176
Sonoran Desert,-370,shape,1.2070702774453594,1.129684246639807,1.2437393021030871
Sonoran Desert,-340,shape,1.211999353665036,1.1332481762832332,1.2488097826624158
Sonoran Desert,-310,shape,1.21680503620052,1.136004003045918,1.254237434106763
Sonoran Desert,-280,shape,1.2216234705670128,1.1385229304899902,1.260939718527333
Sonoran Desert,-250,shape,1.2264500243748622,1.1414141571007408,1.2674814920138706
Sonoran Desert,-220,shape,1.2309294654471286,1.1442559481023657,1.272437285049072
Southwest US,-3970,shape,0.18276114647489974,0.1393130406018,0.22823317041653998
Southwest US,-3940,shape,0.18696974343432535,0.14349771591329297,0.2320024915212678
Southwest US,-3910,shape,0.19179291392551856,0.14813834786905433,0.23673977593405512
Southwest US,-3880,shape,0.19709847060001895,0.15314947612437918,0.24209499882332378
Southwest US,-3850,shape,0.20262566566736892,0.15837467701759123,0.2477075979177189
Southwest US,-3820,shape,0.2083441172468738,0.16379338773750607,0.2534995290026309
Southwest US,-3790,shape,0.21418241614611042,0.16936495492428566,0.25939491447000323
Southwest US,-3760,shape,0.22016578720331872,0.17509669845141715,0.2654151574200861
Southwest US,-3730,shape,0.2262690369622745,0.18099226270304702,0.27151264885402443
Southwest US,-3700,shape,0.23249471966184573,0.18703505741833354,0.27771451486731724
Southwest US,-3670,shape,0.23885856427780464,0.1932445878902311,0.2840221929553796
Southwest US,-3640,shape,0.2453429582645529,0.19962317494174828,0.29040266360797434
Southwest US,-3610,shape,0.2519374179820941,0.20614806305500596,0.296878482428789
Southwest US,-3580,shape,0.2586764112352523,0.21282873320193943,0.30347448462885357
Southwest US,-3550,shape,0.26556499254160093,0.2197037255581433,0.3101660497711229
Southwest US,-3520,shape,0.2725508569719648,0.22676815399218733,0.31683970820576945
Southwest US,-3490,shape,0.2795447122566452,0.2339579342750958,0.32356220486162895
Southwest US,-3460,shape,0.2867256862859737,0.24121990379167063,0.3305603328276762
Southwest US,-3430,shape,0.29423107872317816,0.24874203304618936,0.3378386027129205
Southwest US,-3400,shape,0.3019514827480504,0.256581501228915,0.3451358084542192
Southwest US,-3370,shape,0.30951735113319695,0.2645358871389942,0.3520915661562577
Southwest US,-3340,shape,0.3170189160535131,0.2723776517912675,0.3592522330474729
Southwest US,-3310,shape,0.32494141465617027,0.28052806080973636,0.3668248336020766
Southwest US,-3280,shape,0.3330270138990035,0.2890707909983515,0.3742066698889732
Southwest US,-3250,shape,0.34092175904086913,0.29752308482914447,0.3815843107794948
Southwest US,-3220,shape,0.34909182741023354,0.3060263765330844,0.38928542764139856
Southwest US,-3190,shape,0.3575112101160549,0.3149652431911039,0.3969742521775193
Southwest US,-3160,shape,0.36578895073660195,0.32407794283230656,0.404507752091573
Southwest US,-3130,shape,0.3741741138725064,0.3329649550101954,0.41234742054150825
Southwest US,-3100,shape,0.38292169191983444,0.34219103317501254,0.4204501459629505
Southwest US,-3070,shape,0.39170980514870785,0.35185530864423953,0.4282161606276429
Southwest US,-3040,shape,0.40017439718436076,0.3613511883393388,0.4358609271976986
Southwest US,-3010,shape,0.4089818790548963,0.37075045157870523,0.444108059559093
Southwest US,-2980,shape,0.4183274635162783,0.3806782727306534,0.4527194945654491
Southwest US,-2950,shape,0.42747141346685125,0.39091291904885156,0.4606093533164695
Southwest US,-2920,shape,0.4361470682106924,0.40066912691636597,0.4684988449031781
Southwest US,-2890,shape,0.4453555510954878,0.41063863937950823,0.4769901976754139
Southwest US,-2860,shape,0.45495202888353853,0.4211846076181389,0.4852887566257895
Southwest US,-2830,shape,0.46402795379643486,0.43161234517449176,0.493331216370126
Southwest US,-2800,shape,0.47319229464650125,0.4417067291964336,0.5017564647145755
Southwest US,-2770,shape,0.48279989284094266,0.4522744630190494,0.5102409789795493
Southwest US,-2740,shape,0.4922486733827653,0.46316222191363765,0.518370269088106
Southwest US,-2710,shape,0.5014926682156086,0.4735674144916632,0.5267507429127003
Southwest US,-2680,shape,0.511095175551314,0.4841094925085512,0.5354388465247236
Southwest US,-2650,shape,0.5208204002657896,0.4951115640813183,0.543787802592933
Southwest US,-2620,shape,0.5300979864334158,0.5059772090284548,0.5518418543160608
Southwest US,-2590,shape,0.5395402162459906,0.5164770435680666,0.5604219256465341
Southwest US,-2560,shape,0.5494370910362116,0.5273563519620892,0.5694097774659383
Southwest US,-2530,shape,0.5591936560403611,0.5385653064799633,0.5777053985981528
Southwest US,-2500,shape,0.5683666386147849,0.5492647416294757,0.5859931070106681
Southwest US,-2470,shape,0.5778970927964653,0.5598046377248727,0.5951391446316585
Southwest US,-2440,shape,0.58786621436188,0.5708622755063443,0.6043770108268997
Southwest US,-2410,shape,0.597341723588365,0.5820889145196168,0.6128982868297694
Southwest US,-2380,shape,0.6064481588403405,0.5925144957720299,0.621675026512997
Southwest US,-2350,shape,0.616060357824341,0.6030026180890209,0.6317734152034786
Southwest US,-2320,shape,0.6259027518065616,0.6140811544328039,0.6414528754657167
Southwest US,-2290,shape,0.6350611422958696,0.6250307274787791,0.6503084908055597
Southwest US,-2260,shape,0.6441292576549359,0.6351278893033511,0.6597222790484204
Southwest US,-2230,shape,0.65371257476189,0.6455421910194046,0.6695627692679584
Southwest US,-2200,shape,0.6631568183491622,0.656307313424928,0.67849599511267
Southwest US,-2170,shape,0.6719040458307222,0.665552377932491,0.6872669227180156
Southwest US,-2140,shape,0.680969206747312,0.6750002693430457,0.6964902631082249
Southwest US,-2110,shape,0.690423391779207,0.6838749867087188,0.7055277620396248
Southwest US,-2080,shape,0.699276292811611,0.6926343048503164,0.7139260629253475
Southwest US,-2050,shape,0.7077078719683144,0.7018565149924917,0.7225256152540728
Southwest US,-2020,shape,0.7166411430489734,0.7111741824501291,0.7313535595396621
Southwest US,-1990,shape,0.7257904035457544,0.7195663211349532,0.739645467328257
Southwest US,-1960,shape,0.7340785914656659,0.7278786279691516,0.7475317481354554
Southwest US,-1930,shape,0.7422228823856604,0.7369465773265775,0.7557477264135256
Southwest US,-1900,shape,0.7509207711821961,0.7454675644058306,0.7641812401533057
Southwest US,-1870,shape,0.7595414281076978,0.7531000399676966,0.7718809496774895
Southwest US,-1840,shape,0.7672460961387619,0.7609301998784511,0.7790267666168194
Southwest US,-1810,shape,0.7750891640843601,0.768879660972872,0.7866940579386383
Southwest US,-1780,shape,0.7834445562890356,0.7765403451840255,0.7948041657744245
Southwest US,-1750,shape,0.7914884159667219,0.7835928219119147,0.8020425687389966
Southwest US,-1720,shape,0.7987305474986821,0.7910071047905036,0.8089175242987648
Southwest US,-1690,shape,0.8061865447315709,0.798513577598539,0.8164346983181693
Southwest US,-1660,shape,0.8140640659755861,0.8052018811739815,0.8244590547042768
Southwest US,-1630,shape,0.821466766845504,0.8115860951284671,0.8328989518572015
Southwest US,-1600,shape,0.8282351359051506,0.8185153882922914,0.8403955482355379
Southwest US,-1570,shape,0.8353701910423155,0.8256726618573015,0.8473724503464827
Southwest US,-1540,shape,0.8427381268840047,0.8318090657460202,0.8548569527118737
Southwest US,-1510,shape,0.84932841386503,0.8376738443186336,0.8625141226173598
Southwest US,-1480,shape,0.8556290418448457,0.8443712782117193,0.8692362015763944
Southwest US,-1450,shape,0.8624398934658164,0.8513809718798542,0.8758454328150856
Southwest US,-1420,shape,0.869305290758939,0.857001827632975,0.8829025599159759
Southwest US,-1390,shape,0.8752235570218051,0.8624394134636754,0.8898491232713143
Southwest US,-1360,shape,0.8810416957679975,0.8688475844563881,0.8958311986276462
Southwest US,-1330,shape,0.8874184637403824,0.8753297450786242,0.9018678342680297
Southwest US,-1300,shape,0.8937000104655373,0.8803957151476639,0.9083603720641144
Southwest US,-1270,shape,0.8990291846325317,0.8857651806169804,0.9146720721391975
Southwest US,-1240,shape,0.9044033532338761,0.8918169286394212,0.9199355808862362
Southwest US,-1210,shape,0.910295485312795,0.8972725011480422,0.9252821934052097
Southwest US,-1180,shape,0.9159706393070784,0.9021199721630793,0.9312134186926154
Southwest US,-1150,shape,0.9208373121274354,0.9074540408077784,0.9370569385468622
Southwest US,-1120,shape,0.9257243874827656,0.9130177763269625,0.9416725673062811
Southwest US,-1090,shape,0.9310710545601708,0.9177205027529327,0.9462968517487951
Southwest US,-1060,shape,0.9362406347814922,0.92232793716319,0.9516241775227665
Southwest US,-1030,shape,0.9406857060422418,0.927482096606774,0.9569772536226588
Southwest US,-1000,shape,0.9451456470080934,0.9326619338911694,0.9610435668176321
Southwest US,-970,shape,0.9499933059616805,0.9367836593813954,0.9650947112774767
Southwest US,-940,shape,0.9545292869673978,0.9409402307226757,0.9698175429426745
Southwest US,-910,shape,0.9584618099354397,0.9458838382029359,0.9745194073681669
Southwest US,-880,shape,0.96262114426939,0.9502881288066943,0.9780724841238451
Southwest US,-850,shape,0.9671114382665527,0.9538558078869288,0.9817116733974977
Southwest US,-820,shape,0.9710467369082982,0.9572540026126495,0.9859041261057429
Southwest US,-790,shape,0.9744642256165429,0.9598588214867028,0.9899504334964399
Southwest US,-760,shape,0.9782708218194971,0.9626648889870557,0.9930284946962779
Southwest US,-730,shape,0.9824125054273577,0.9658655139239855,0.9962627477835335
Southwest US,-700,shape,0.985905538408453,0.9687948669880558,1.0000044136475787
Southwest US,-670,shape,0.9889114393392939,0.9709805344860303,1.003589515128114
Southwest US,-640,shape,0.9923181146403974,0.9733933541535336,1.0061969999283993
Southwest US,-610,shape,0.9960146591082987,0.9763198888054662,1.0101632356939647
Southwest US,-580,shape,0.9991353225760521,0.9791413059289519,1.0134685760637796
Southwest US,-550,shape,1.0018246237735202,0.9809065303050963,1.015977045886009
Southwest US,-520,shape,1.004807235163888,0.9827085000294286,1.0196784616431058
Southwest US,-490,shape,1.0080608052061724,0.9852991682772518,1.0229162946669978
Southwest US,-460,shape,1.0109572125159325,0.9881819798721747,1.0261254284522345
Southwest US,-430,shape,1.0133890508314194,0.9898621383747017,1.0287608553417773
Southwest US,-400,shape,1.0159716068610263,0.9911112314139304,1.0321778707831133
Southwest US,-370,shape,1.0188087669768964,0.9932060449996041,1.0346253605342173
Southwest US,-340,shape,1.021365185326582,0.9958457612277556,1.037405420863037
Southwest US,-310,shape,1.0235580739535446,0.9974495383875486,1.040638298054108
Southwest US,-280,shape,1.0259770152649639,0.9987189634034039,1.0434054242560336
Southwest US,-250,shape,1.0285479578828363,1.0004539078591579,1.0459013234207135
Southwest US,-220,shape,1.030688799606951,1.0021966576164534,1.0484407803717677
